text,clean_text,label
conversation about penetration testing tools,conversation about penetration testing tools,Low
hackers discussing system vulnerabilities,hackers discussing system vulnerabilities,Medium
discussion about digital safety,discussion about digital safety,Low
forum talking about password cracking methods,forum talking about password cracking methods,High
cybersecurity forum post about exploits,cybersecurity forum post about exploits,Medium
forum debate on encryption weaknesses,forum debate on encryption weaknesses,Low
SecureNet customer database breach reported,securenet customer database breach reported,High
hackers discussing system vulnerabilities,hackers discussing system vulnerabilities,Medium
hacker selling 5000 user passwords,hacker selling  user passwords,High
ransomware attack planned against SecureNet,ransomware attack planned against securenet,Medium
database dump of CloudAxis leaked online,database dump of cloudaxis leaked online,High
how to secure personal devices online,how to secure personal devices online,Low
admin credentials leaked from CyberTrust,admin credentials leaked from cybertrust,High
dump of 7000 emails and passwords available,dump of  emails and passwords available,High
database dump of DataVault leaked online,database dump of datavault leaked online,High
discussion about hacking tools,discussion about hacking tools,Medium
database dump of BankCorp leaked online,database dump of bankcorp leaked online,High
discussion on ransomware techniques,discussion on ransomware techniques,Medium
general cybersecurity news,general cybersecurity news,Low
database dump of DataVault leaked online,database dump of datavault leaked online,High
guide to secure web applications,guide to secure web applications,Low
news about new data protection laws,news about new data protection laws,Low
admin credentials leaked from CloudAxis,admin credentials leaked from cloudaxis,High
hacker selling 500 user passwords,hacker selling  user passwords,High
conversation about penetration testing tools,conversation about penetration testing tools,Low
credit card data from GlobalFinance for sale,credit card data from globalfinance for sale,High
cybersecurity awareness article,cybersecurity awareness article,Low
discussion about network security flaws,discussion about network security flaws,Low
discussion about hacking tools,discussion about hacking tools,Medium
admin credentials leaked from CloudAxis,admin credentials leaked from cloudaxis,High
discussion about online privacy,discussion about online privacy,Low
conversation about penetration testing tools,conversation about penetration testing tools,Low
discussion about online privacy,discussion about online privacy,Low
discussion about network security flaws,discussion about network security flaws,Low
ransomware attack planned against SecureNet,ransomware attack planned against securenet,Medium
how to secure personal devices online,how to secure personal devices online,Low
FinSecure customer database breach reported,finsecure customer database breach reported,High
discussion about network security flaws,discussion about network security flaws,Low
blog post about protecting accounts,blog post about protecting accounts,Low
general cybersecurity news,general cybersecurity news,Low
general cybersecurity news,general cybersecurity news,Low
selling 7000 bank account passwords,selling  bank account passwords,High
conversation about penetration testing tools,conversation about penetration testing tools,Low
cybersecurity awareness article,cybersecurity awareness article,Low
discussion about network security flaws,discussion about network security flaws,Low
blog post about protecting accounts,blog post about protecting accounts,Low
private database of NetSecure exposed,private database of netsecure exposed,High
dump of 7000 emails and passwords available,dump of  emails and passwords available,High
private database of NetSecure exposed,private database of netsecure exposed,High
tips for creating strong passwords,tips for creating strong passwords,High
discussion about hacking tools,discussion about hacking tools,Medium
how to secure personal devices online,how to secure personal devices online,Low
discussion about hacking tools,discussion about hacking tools,Medium
discussion about digital safety,discussion about digital safety,Low
hackers discussing system vulnerabilities,hackers discussing system vulnerabilities,Medium
financial records stolen from CloudAxis,financial records stolen from cloudaxis,Low
article about cyber hygiene,article about cyber hygiene,Low
cybersecurity forum post about exploits,cybersecurity forum post about exploits,Medium
hacker selling 500 user passwords,hacker selling  user passwords,High
dump of 3000 emails and passwords available,dump of  emails and passwords available,High
discussion about hacking tools,discussion about hacking tools,Medium
forum debate on encryption weaknesses,forum debate on encryption weaknesses,Low
database dump of CloudAxis leaked online,database dump of cloudaxis leaked online,High
dump of 5000 emails and passwords available,dump of  emails and passwords available,High
article about cyber hygiene,article about cyber hygiene,Low
news about new data protection laws,news about new data protection laws,Low
forum talking about password cracking methods,forum talking about password cracking methods,High
forum talking about password cracking methods,forum talking about password cracking methods,High
NetSecure customer database breach reported,netsecure customer database breach reported,High
discussion about digital safety,discussion about digital safety,Low
financial records stolen from TechNova,financial records stolen from technova,Low
general cybersecurity news,general cybersecurity news,Low
discussion about online privacy,discussion about online privacy,Low
hackers discussing system vulnerabilities,hackers discussing system vulnerabilities,Medium
admin credentials leaked from DataSphere,admin credentials leaked from datasphere,High
blog post about protecting accounts,blog post about protecting accounts,Low
conversation about penetration testing tools,conversation about penetration testing tools,Low
discussion about digital safety,discussion about digital safety,Low
forum debate on encryption weaknesses,forum debate on encryption weaknesses,Low
general cybersecurity news,general cybersecurity news,Low
admin credentials leaked from CloudAxis,admin credentials leaked from cloudaxis,High
users discussing database vulnerabilities,users discussing database vulnerabilities,High
how to secure personal devices online,how to secure personal devices online,Low
ransomware attack planned against GlobalFinance,ransomware attack planned against globalfinance,Medium
private database of CloudAxis exposed,private database of cloudaxis exposed,High
forum debate on encryption weaknesses,forum debate on encryption weaknesses,Low
ransomware attack planned against CyberTrust,ransomware attack planned against cybertrust,Medium
how to secure personal devices online,how to secure personal devices online,Low
dump of 10000 emails and passwords available,dump of  emails and passwords available,High
hackers discussing system vulnerabilities,hackers discussing system vulnerabilities,Medium
credit card data from NetSecure for sale,credit card data from netsecure for sale,High
selling 500 bank account passwords,selling  bank account passwords,High
discussion about hacking tools,discussion about hacking tools,Medium
general cybersecurity news,general cybersecurity news,Low
financial records stolen from SecureNet,financial records stolen from securenet,Low
admin credentials leaked from GlobalFinance,admin credentials leaked from globalfinance,High
hackers discussing system vulnerabilities,hackers discussing system vulnerabilities,Medium
selling 5000 bank account passwords,selling  bank account passwords,High
guide to secure web applications,guide to secure web applications,Low
dump of 15000 emails and passwords available,dump of  emails and passwords available,High
hackers discussing system vulnerabilities,hackers discussing system vulnerabilities,Medium
how to secure personal devices online,how to secure personal devices online,Low
dump of 10000 emails and passwords available,dump of  emails and passwords available,High
hacker selling 1000 user passwords,hacker selling  user passwords,High
NetSecure customer database breach reported,netsecure customer database breach reported,High
general cybersecurity news,general cybersecurity news,Low
hacker selling 500 user passwords,hacker selling  user passwords,High
cybersecurity forum post about exploits,cybersecurity forum post about exploits,Medium
how to secure personal devices online,how to secure personal devices online,Low
forum debate on encryption weaknesses,forum debate on encryption weaknesses,Low
selling 15000 bank account passwords,selling  bank account passwords,High
private database of TechNova exposed,private database of technova exposed,High
blog post about protecting accounts,blog post about protecting accounts,Low
how to secure personal devices online,how to secure personal devices online,Low
cybersecurity forum post about exploits,cybersecurity forum post about exploits,Medium
discussion on ransomware techniques,discussion on ransomware techniques,Medium
discussion about network security flaws,discussion about network security flaws,Low
hackers discussing system vulnerabilities,hackers discussing system vulnerabilities,Medium
discussion about vulnerability scanning tools,discussion about vulnerability scanning tools,Medium
admin credentials leaked from SecureNet,admin credentials leaked from securenet,High
discussion about online privacy,discussion about online privacy,Low
forum talking about password cracking methods,forum talking about password cracking methods,High
DataVault customer database breach reported,datavault customer database breach reported,High
forum talking about password cracking methods,forum talking about password cracking methods,High
discussion on ransomware techniques,discussion on ransomware techniques,Medium
database dump of DataSphere leaked online,database dump of datasphere leaked online,High
conversation about penetration testing tools,conversation about penetration testing tools,Low
hacker selling 5000 user passwords,hacker selling  user passwords,High
admin credentials leaked from DataVault,admin credentials leaked from datavault,High
hacker selling 500 user passwords,hacker selling  user passwords,High
discussion about vulnerability scanning tools,discussion about vulnerability scanning tools,Medium
conversation about penetration testing tools,conversation about penetration testing tools,Low
discussion about vulnerability scanning tools,discussion about vulnerability scanning tools,Medium
guide to secure web applications,guide to secure web applications,Low
credit card data from FinSecure for sale,credit card data from finsecure for sale,High
discussion about online privacy,discussion about online privacy,Low
admin credentials leaked from DataVault,admin credentials leaked from datavault,High
guide to secure web applications,guide to secure web applications,Low
admin credentials leaked from BankCorp,admin credentials leaked from bankcorp,High
tips for creating strong passwords,tips for creating strong passwords,High
forum debate on encryption weaknesses,forum debate on encryption weaknesses,Low
news about new data protection laws,news about new data protection laws,Low
discussion on ransomware techniques,discussion on ransomware techniques,Medium
hackers discussing system vulnerabilities,hackers discussing system vulnerabilities,Medium
database dump of DataSphere leaked online,database dump of datasphere leaked online,High
private database of DataVault exposed,private database of datavault exposed,High
admin credentials leaked from CloudAxis,admin credentials leaked from cloudaxis,High
discussion about hacking tools,discussion about hacking tools,Medium
users discussing database vulnerabilities,users discussing database vulnerabilities,High
hackers discussing system vulnerabilities,hackers discussing system vulnerabilities,Medium
general cybersecurity news,general cybersecurity news,Low
hacker selling 15000 user passwords,hacker selling  user passwords,High
selling 5000 bank account passwords,selling  bank account passwords,High
article about cyber hygiene,article about cyber hygiene,Low
hackers discussing system vulnerabilities,hackers discussing system vulnerabilities,Medium
private database of DataSphere exposed,private database of datasphere exposed,High
guide to secure web applications,guide to secure web applications,Low
forum talking about password cracking methods,forum talking about password cracking methods,High
general cybersecurity news,general cybersecurity news,Low
selling 500 bank account passwords,selling  bank account passwords,High
discussion about digital safety,discussion about digital safety,Low
private database of NetSecure exposed,private database of netsecure exposed,High
article about cyber hygiene,article about cyber hygiene,Low
GlobalFinance customer database breach reported,globalfinance customer database breach reported,High
general cybersecurity news,general cybersecurity news,Low
discussion about network security flaws,discussion about network security flaws,Low
conversation about penetration testing tools,conversation about penetration testing tools,Low
conversation about penetration testing tools,conversation about penetration testing tools,Low
ransomware attack planned against FinSecure,ransomware attack planned against finsecure,Medium
selling 2000 bank account passwords,selling  bank account passwords,High
blog post about protecting accounts,blog post about protecting accounts,Low
admin credentials leaked from BankCorp,admin credentials leaked from bankcorp,High
database dump of CyberTrust leaked online,database dump of cybertrust leaked online,High
selling 500 bank account passwords,selling  bank account passwords,High
general cybersecurity news,general cybersecurity news,Low
discussion about hacking tools,discussion about hacking tools,Medium
article about cyber hygiene,article about cyber hygiene,Low
blog post about protecting accounts,blog post about protecting accounts,Low
financial records stolen from CyberTrust,financial records stolen from cybertrust,Low
discussion about digital safety,discussion about digital safety,Low
cybersecurity awareness article,cybersecurity awareness article,Low
discussion about online privacy,discussion about online privacy,Low
forum debate on encryption weaknesses,forum debate on encryption weaknesses,Low
credit card data from DataSphere for sale,credit card data from datasphere for sale,High
guide to secure web applications,guide to secure web applications,Low
database dump of GlobalFinance leaked online,database dump of globalfinance leaked online,High
cybersecurity forum post about exploits,cybersecurity forum post about exploits,Medium
ransomware attack planned against DataSphere,ransomware attack planned against datasphere,Medium
financial records stolen from TechNova,financial records stolen from technova,Low
cybersecurity forum post about exploits,cybersecurity forum post about exploits,Medium
dump of 7000 emails and passwords available,dump of  emails and passwords available,High
selling 15000 bank account passwords,selling  bank account passwords,High
discussion about hacking tools,discussion about hacking tools,Medium
news about new data protection laws,news about new data protection laws,Low
general cybersecurity news,general cybersecurity news,Low
dump of 7000 emails and passwords available,dump of  emails and passwords available,High
discussion about network security flaws,discussion about network security flaws,Low
selling 7000 bank account passwords,selling  bank account passwords,High
financial records stolen from CloudAxis,financial records stolen from cloudaxis,Low
discussion about online privacy,discussion about online privacy,Low
financial records stolen from TechNova,financial records stolen from technova,Low
private database of GlobalFinance exposed,private database of globalfinance exposed,High
admin credentials leaked from GlobalFinance,admin credentials leaked from globalfinance,High
forum talking about password cracking methods,forum talking about password cracking methods,High
how to secure personal devices online,how to secure personal devices online,Low
private database of DataVault exposed,private database of datavault exposed,High
database dump of GlobalFinance leaked online,database dump of globalfinance leaked online,High
CloudAxis customer database breach reported,cloudaxis customer database breach reported,High
discussion about network security flaws,discussion about network security flaws,Low
article about cyber hygiene,article about cyber hygiene,Low
selling 20000 bank account passwords,selling  bank account passwords,High
general cybersecurity news,general cybersecurity news,Low
credit card data from GlobalFinance for sale,credit card data from globalfinance for sale,High
forum talking about password cracking methods,forum talking about password cracking methods,High
database dump of DataVault leaked online,database dump of datavault leaked online,High
ransomware attack planned against BankCorp,ransomware attack planned against bankcorp,Medium
hacker selling 500 user passwords,hacker selling  user passwords,High
discussion about vulnerability scanning tools,discussion about vulnerability scanning tools,Medium
private database of NetSecure exposed,private database of netsecure exposed,High
forum talking about password cracking methods,forum talking about password cracking methods,High
tips for creating strong passwords,tips for creating strong passwords,High
conversation about penetration testing tools,conversation about penetration testing tools,Low
users discussing database vulnerabilities,users discussing database vulnerabilities,High
financial records stolen from GlobalFinance,financial records stolen from globalfinance,Low
article about cyber hygiene,article about cyber hygiene,Low
NetSecure customer database breach reported,netsecure customer database breach reported,High
conversation about penetration testing tools,conversation about penetration testing tools,Low
cybersecurity awareness article,cybersecurity awareness article,Low
financial records stolen from CyberTrust,financial records stolen from cybertrust,Low
how to secure personal devices online,how to secure personal devices online,Low
SecureNet customer database breach reported,securenet customer database breach reported,High
ransomware attack planned against BankCorp,ransomware attack planned against bankcorp,Medium
discussion about vulnerability scanning tools,discussion about vulnerability scanning tools,Medium
ransomware attack planned against CloudAxis,ransomware attack planned against cloudaxis,Medium
admin credentials leaked from FinSecure,admin credentials leaked from finsecure,High
CloudAxis customer database breach reported,cloudaxis customer database breach reported,High
hackers discussing system vulnerabilities,hackers discussing system vulnerabilities,Medium
financial records stolen from GlobalFinance,financial records stolen from globalfinance,Low
CyberTrust customer database breach reported,cybertrust customer database breach reported,High
discussion about online privacy,discussion about online privacy,Low
selling 2000 bank account passwords,selling  bank account passwords,High
discussion about hacking tools,discussion about hacking tools,Medium
private database of CyberTrust exposed,private database of cybertrust exposed,High
hacker selling 5000 user passwords,hacker selling  user passwords,High
forum talking about password cracking methods,forum talking about password cracking methods,High
cybersecurity forum post about exploits,cybersecurity forum post about exploits,Medium
general cybersecurity news,general cybersecurity news,Low
how to secure personal devices online,how to secure personal devices online,Low
cybersecurity forum post about exploits,cybersecurity forum post about exploits,Medium
cybersecurity awareness article,cybersecurity awareness article,Low
discussion about online privacy,discussion about online privacy,Low
cybersecurity forum post about exploits,cybersecurity forum post about exploits,Medium
admin credentials leaked from GlobalFinance,admin credentials leaked from globalfinance,High
article about cyber hygiene,article about cyber hygiene,Low
blog post about protecting accounts,blog post about protecting accounts,Low
news about new data protection laws,news about new data protection laws,Low
discussion about network security flaws,discussion about network security flaws,Low
discussion about digital safety,discussion about digital safety,Low
conversation about penetration testing tools,conversation about penetration testing tools,Low
cybersecurity forum post about exploits,cybersecurity forum post about exploits,Medium
ransomware attack planned against TechNova,ransomware attack planned against technova,Medium
dump of 20000 emails and passwords available,dump of  emails and passwords available,High
cybersecurity awareness article,cybersecurity awareness article,Low
users discussing database vulnerabilities,users discussing database vulnerabilities,High
how to secure personal devices online,how to secure personal devices online,Low
credit card data from FinSecure for sale,credit card data from finsecure for sale,High
blog post about protecting accounts,blog post about protecting accounts,Low
discussion about online privacy,discussion about online privacy,Low
admin credentials leaked from DataVault,admin credentials leaked from datavault,High
database dump of DataSphere leaked online,database dump of datasphere leaked online,High
BankCorp customer database breach reported,bankcorp customer database breach reported,High
article about cyber hygiene,article about cyber hygiene,Low
hacker selling 15000 user passwords,hacker selling  user passwords,High
how to secure personal devices online,how to secure personal devices online,Low
discussion about digital safety,discussion about digital safety,Low
discussion about vulnerability scanning tools,discussion about vulnerability scanning tools,Medium
news about new data protection laws,news about new data protection laws,Low
database dump of CyberTrust leaked online,database dump of cybertrust leaked online,High
discussion about vulnerability scanning tools,discussion about vulnerability scanning tools,Medium
blog post about protecting accounts,blog post about protecting accounts,Low
article about cyber hygiene,article about cyber hygiene,Low
ransomware attack planned against DataVault,ransomware attack planned against datavault,Medium
general cybersecurity news,general cybersecurity news,Low
general cybersecurity news,general cybersecurity news,Low
database dump of TechNova leaked online,database dump of technova leaked online,High
discussion about digital safety,discussion about digital safety,Low
conversation about penetration testing tools,conversation about penetration testing tools,Low
discussion about network security flaws,discussion about network security flaws,Low
private database of CloudAxis exposed,private database of cloudaxis exposed,High
discussion about vulnerability scanning tools,discussion about vulnerability scanning tools,Medium
database dump of DataVault leaked online,database dump of datavault leaked online,High
cybersecurity awareness article,cybersecurity awareness article,Low
how to secure personal devices online,how to secure personal devices online,Low
discussion about hacking tools,discussion about hacking tools,Medium
ransomware attack planned against SecureNet,ransomware attack planned against securenet,Medium
discussion about vulnerability scanning tools,discussion about vulnerability scanning tools,Medium
dump of 20000 emails and passwords available,dump of  emails and passwords available,High
news about new data protection laws,news about new data protection laws,Low
users discussing database vulnerabilities,users discussing database vulnerabilities,High
discussion on ransomware techniques,discussion on ransomware techniques,Medium
BankCorp customer database breach reported,bankcorp customer database breach reported,High
users discussing database vulnerabilities,users discussing database vulnerabilities,High
discussion about vulnerability scanning tools,discussion about vulnerability scanning tools,Medium
tips for creating strong passwords,tips for creating strong passwords,High
how to secure personal devices online,how to secure personal devices online,Low
general cybersecurity news,general cybersecurity news,Low
hacker selling 7000 user passwords,hacker selling  user passwords,High
article about cyber hygiene,article about cyber hygiene,Low
news about new data protection laws,news about new data protection laws,Low
cybersecurity awareness article,cybersecurity awareness article,Low
database dump of CloudAxis leaked online,database dump of cloudaxis leaked online,High
forum talking about password cracking methods,forum talking about password cracking methods,High
selling 2000 bank account passwords,selling  bank account passwords,High
discussion about hacking tools,discussion about hacking tools,Medium
database dump of NetSecure leaked online,database dump of netsecure leaked online,High
forum debate on encryption weaknesses,forum debate on encryption weaknesses,Low
tips for creating strong passwords,tips for creating strong passwords,High
ransomware attack planned against CyberTrust,ransomware attack planned against cybertrust,Medium
news about new data protection laws,news about new data protection laws,Low
article about cyber hygiene,article about cyber hygiene,Low
private database of CyberTrust exposed,private database of cybertrust exposed,High
how to secure personal devices online,how to secure personal devices online,Low
news about new data protection laws,news about new data protection laws,Low
selling 20000 bank account passwords,selling  bank account passwords,High
cybersecurity forum post about exploits,cybersecurity forum post about exploits,Medium
cybersecurity forum post about exploits,cybersecurity forum post about exploits,Medium
discussion about digital safety,discussion about digital safety,Low
general cybersecurity news,general cybersecurity news,Low
database dump of DataSphere leaked online,database dump of datasphere leaked online,High
database dump of DataSphere leaked online,database dump of datasphere leaked online,High
financial records stolen from DataVault,financial records stolen from datavault,Low
CloudAxis customer database breach reported,cloudaxis customer database breach reported,High
users discussing database vulnerabilities,users discussing database vulnerabilities,High
hackers discussing system vulnerabilities,hackers discussing system vulnerabilities,Medium
guide to secure web applications,guide to secure web applications,Low
users discussing database vulnerabilities,users discussing database vulnerabilities,High
tips for creating strong passwords,tips for creating strong passwords,High
financial records stolen from TechNova,financial records stolen from technova,Low
article about cyber hygiene,article about cyber hygiene,Low
cybersecurity awareness article,cybersecurity awareness article,Low
tips for creating strong passwords,tips for creating strong passwords,High
how to secure personal devices online,how to secure personal devices online,Low
discussion about vulnerability scanning tools,discussion about vulnerability scanning tools,Medium
admin credentials leaked from NetSecure,admin credentials leaked from netsecure,High
cybersecurity awareness article,cybersecurity awareness article,Low
database dump of BankCorp leaked online,database dump of bankcorp leaked online,High
users discussing database vulnerabilities,users discussing database vulnerabilities,High
discussion on ransomware techniques,discussion on ransomware techniques,Medium
cybersecurity awareness article,cybersecurity awareness article,Low
guide to secure web applications,guide to secure web applications,Low
private database of FinSecure exposed,private database of finsecure exposed,High
how to secure personal devices online,how to secure personal devices online,Low
credit card data from FinSecure for sale,credit card data from finsecure for sale,High
discussion about network security flaws,discussion about network security flaws,Low
discussion about digital safety,discussion about digital safety,Low
discussion about vulnerability scanning tools,discussion about vulnerability scanning tools,Medium
dump of 5000 emails and passwords available,dump of  emails and passwords available,High
database dump of GlobalFinance leaked online,database dump of globalfinance leaked online,High
admin credentials leaked from SecureNet,admin credentials leaked from securenet,High
financial records stolen from TechNova,financial records stolen from technova,Low
database dump of CloudAxis leaked online,database dump of cloudaxis leaked online,High
ransomware attack planned against NetSecure,ransomware attack planned against netsecure,Medium
discussion about network security flaws,discussion about network security flaws,Low
hackers discussing system vulnerabilities,hackers discussing system vulnerabilities,Medium
cybersecurity awareness article,cybersecurity awareness article,Low
discussion about digital safety,discussion about digital safety,Low
users discussing database vulnerabilities,users discussing database vulnerabilities,High
financial records stolen from NetSecure,financial records stolen from netsecure,Low
hackers discussing system vulnerabilities,hackers discussing system vulnerabilities,Medium
credit card data from DataSphere for sale,credit card data from datasphere for sale,High
cybersecurity forum post about exploits,cybersecurity forum post about exploits,Medium
guide to secure web applications,guide to secure web applications,Low
blog post about protecting accounts,blog post about protecting accounts,Low
tips for creating strong passwords,tips for creating strong passwords,High
conversation about penetration testing tools,conversation about penetration testing tools,Low
tips for creating strong passwords,tips for creating strong passwords,High
cybersecurity awareness article,cybersecurity awareness article,Low
forum debate on encryption weaknesses,forum debate on encryption weaknesses,Low
article about cyber hygiene,article about cyber hygiene,Low
database dump of TechNova leaked online,database dump of technova leaked online,High
discussion about network security flaws,discussion about network security flaws,Low
guide to secure web applications,guide to secure web applications,Low
discussion on ransomware techniques,discussion on ransomware techniques,Medium
general cybersecurity news,general cybersecurity news,Low
forum debate on encryption weaknesses,forum debate on encryption weaknesses,Low
GlobalFinance customer database breach reported,globalfinance customer database breach reported,High
discussion about hacking tools,discussion about hacking tools,Medium
guide to secure web applications,guide to secure web applications,Low
general cybersecurity news,general cybersecurity news,Low
private database of BankCorp exposed,private database of bankcorp exposed,High
conversation about penetration testing tools,conversation about penetration testing tools,Low
forum talking about password cracking methods,forum talking about password cracking methods,High
hacker selling 2000 user passwords,hacker selling  user passwords,High
hacker selling 10000 user passwords,hacker selling  user passwords,High
hacker selling 7000 user passwords,hacker selling  user passwords,High
forum debate on encryption weaknesses,forum debate on encryption weaknesses,Low
financial records stolen from BankCorp,financial records stolen from bankcorp,Low
discussion about vulnerability scanning tools,discussion about vulnerability scanning tools,Medium
database dump of FinSecure leaked online,database dump of finsecure leaked online,High
financial records stolen from SecureNet,financial records stolen from securenet,Low
article about cyber hygiene,article about cyber hygiene,Low
admin credentials leaked from DataSphere,admin credentials leaked from datasphere,High
conversation about penetration testing tools,conversation about penetration testing tools,Low
how to secure personal devices online,how to secure personal devices online,Low
CyberTrust customer database breach reported,cybertrust customer database breach reported,High
conversation about penetration testing tools,conversation about penetration testing tools,Low
NetSecure customer database breach reported,netsecure customer database breach reported,High
users discussing database vulnerabilities,users discussing database vulnerabilities,High
database dump of BankCorp leaked online,database dump of bankcorp leaked online,High
forum debate on encryption weaknesses,forum debate on encryption weaknesses,Low
discussion about network security flaws,discussion about network security flaws,Low
discussion on ransomware techniques,discussion on ransomware techniques,Medium
discussion on ransomware techniques,discussion on ransomware techniques,Medium
discussion about hacking tools,discussion about hacking tools,Medium
hacker selling 15000 user passwords,hacker selling  user passwords,High
conversation about penetration testing tools,conversation about penetration testing tools,Low
discussion about digital safety,discussion about digital safety,Low
cybersecurity forum post about exploits,cybersecurity forum post about exploits,Medium
database dump of BankCorp leaked online,database dump of bankcorp leaked online,High
discussion about online privacy,discussion about online privacy,Low
cybersecurity forum post about exploits,cybersecurity forum post about exploits,Medium
hackers discussing system vulnerabilities,hackers discussing system vulnerabilities,Medium
CloudAxis customer database breach reported,cloudaxis customer database breach reported,High
discussion about digital safety,discussion about digital safety,Low
forum debate on encryption weaknesses,forum debate on encryption weaknesses,Low
admin credentials leaked from NetSecure,admin credentials leaked from netsecure,High
forum talking about password cracking methods,forum talking about password cracking methods,High
financial records stolen from FinSecure,financial records stolen from finsecure,Low
forum debate on encryption weaknesses,forum debate on encryption weaknesses,Low
database dump of GlobalFinance leaked online,database dump of globalfinance leaked online,High
selling 1000 bank account passwords,selling  bank account passwords,High
admin credentials leaked from BankCorp,admin credentials leaked from bankcorp,High
how to secure personal devices online,how to secure personal devices online,Low
forum debate on encryption weaknesses,forum debate on encryption weaknesses,Low
private database of BankCorp exposed,private database of bankcorp exposed,High
blog post about protecting accounts,blog post about protecting accounts,Low
cybersecurity awareness article,cybersecurity awareness article,Low
admin credentials leaked from GlobalFinance,admin credentials leaked from globalfinance,High
admin credentials leaked from TechNova,admin credentials leaked from technova,High
cybersecurity forum post about exploits,cybersecurity forum post about exploits,Medium
discussion about hacking tools,discussion about hacking tools,Medium
tips for creating strong passwords,tips for creating strong passwords,High
BankCorp customer database breach reported,bankcorp customer database breach reported,High
discussion on ransomware techniques,discussion on ransomware techniques,Medium
general cybersecurity news,general cybersecurity news,Low
how to secure personal devices online,how to secure personal devices online,Low
cybersecurity forum post about exploits,cybersecurity forum post about exploits,Medium
article about cyber hygiene,article about cyber hygiene,Low
discussion about vulnerability scanning tools,discussion about vulnerability scanning tools,Medium
how to secure personal devices online,how to secure personal devices online,Low
discussion about vulnerability scanning tools,discussion about vulnerability scanning tools,Medium
discussion about hacking tools,discussion about hacking tools,Medium
selling 20000 bank account passwords,selling  bank account passwords,High
users discussing database vulnerabilities,users discussing database vulnerabilities,High
selling 1000 bank account passwords,selling  bank account passwords,High
database dump of CloudAxis leaked online,database dump of cloudaxis leaked online,High
article about cyber hygiene,article about cyber hygiene,Low
financial records stolen from DataVault,financial records stolen from datavault,Low
discussion about network security flaws,discussion about network security flaws,Low
blog post about protecting accounts,blog post about protecting accounts,Low
private database of BankCorp exposed,private database of bankcorp exposed,High
admin credentials leaked from TechNova,admin credentials leaked from technova,High
tips for creating strong passwords,tips for creating strong passwords,High
discussion about vulnerability scanning tools,discussion about vulnerability scanning tools,Medium
tips for creating strong passwords,tips for creating strong passwords,High
forum talking about password cracking methods,forum talking about password cracking methods,High
tips for creating strong passwords,tips for creating strong passwords,High
ransomware attack planned against CloudAxis,ransomware attack planned against cloudaxis,Medium
article about cyber hygiene,article about cyber hygiene,Low
discussion about online privacy,discussion about online privacy,Low
dump of 20000 emails and passwords available,dump of  emails and passwords available,High
credit card data from NetSecure for sale,credit card data from netsecure for sale,High
conversation about penetration testing tools,conversation about penetration testing tools,Low
news about new data protection laws,news about new data protection laws,Low
blog post about protecting accounts,blog post about protecting accounts,Low
tips for creating strong passwords,tips for creating strong passwords,High
database dump of SecureNet leaked online,database dump of securenet leaked online,High
discussion about digital safety,discussion about digital safety,Low
article about cyber hygiene,article about cyber hygiene,Low
discussion about online privacy,discussion about online privacy,Low
admin credentials leaked from CyberTrust,admin credentials leaked from cybertrust,High
credit card data from TechNova for sale,credit card data from technova for sale,High
guide to secure web applications,guide to secure web applications,Low
tips for creating strong passwords,tips for creating strong passwords,High
discussion about vulnerability scanning tools,discussion about vulnerability scanning tools,Medium
hackers discussing system vulnerabilities,hackers discussing system vulnerabilities,Medium
discussion on ransomware techniques,discussion on ransomware techniques,Medium
general cybersecurity news,general cybersecurity news,Low
how to secure personal devices online,how to secure personal devices online,Low
news about new data protection laws,news about new data protection laws,Low
selling 10000 bank account passwords,selling  bank account passwords,High
TechNova customer database breach reported,technova customer database breach reported,High
ransomware attack planned against DataVault,ransomware attack planned against datavault,Medium
discussion on ransomware techniques,discussion on ransomware techniques,Medium
how to secure personal devices online,how to secure personal devices online,Low
cybersecurity forum post about exploits,cybersecurity forum post about exploits,Medium
BankCorp customer database breach reported,bankcorp customer database breach reported,High
forum debate on encryption weaknesses,forum debate on encryption weaknesses,Low
discussion on ransomware techniques,discussion on ransomware techniques,Medium
credit card data from CloudAxis for sale,credit card data from cloudaxis for sale,High
news about new data protection laws,news about new data protection laws,Low
selling 20000 bank account passwords,selling  bank account passwords,High
financial records stolen from CloudAxis,financial records stolen from cloudaxis,Low
financial records stolen from TechNova,financial records stolen from technova,Low
admin credentials leaked from CyberTrust,admin credentials leaked from cybertrust,High
discussion about vulnerability scanning tools,discussion about vulnerability scanning tools,Medium
credit card data from SecureNet for sale,credit card data from securenet for sale,High
admin credentials leaked from SecureNet,admin credentials leaked from securenet,High
private database of CloudAxis exposed,private database of cloudaxis exposed,High
discussion about network security flaws,discussion about network security flaws,Low
admin credentials leaked from NetSecure,admin credentials leaked from netsecure,High
selling 15000 bank account passwords,selling  bank account passwords,High
tips for creating strong passwords,tips for creating strong passwords,High
FinSecure customer database breach reported,finsecure customer database breach reported,High
private database of SecureNet exposed,private database of securenet exposed,High
users discussing database vulnerabilities,users discussing database vulnerabilities,High
discussion about network security flaws,discussion about network security flaws,Low
forum talking about password cracking methods,forum talking about password cracking methods,High
discussion on ransomware techniques,discussion on ransomware techniques,Medium
private database of TechNova exposed,private database of technova exposed,High
cybersecurity awareness article,cybersecurity awareness article,Low
discussion on ransomware techniques,discussion on ransomware techniques,Medium
discussion about vulnerability scanning tools,discussion about vulnerability scanning tools,Medium
article about cyber hygiene,article about cyber hygiene,Low
CloudAxis customer database breach reported,cloudaxis customer database breach reported,High
discussion about online privacy,discussion about online privacy,Low
credit card data from BankCorp for sale,credit card data from bankcorp for sale,High
discussion about digital safety,discussion about digital safety,Low
tips for creating strong passwords,tips for creating strong passwords,High
forum debate on encryption weaknesses,forum debate on encryption weaknesses,Low
hackers discussing system vulnerabilities,hackers discussing system vulnerabilities,Medium
admin credentials leaked from SecureNet,admin credentials leaked from securenet,High
general cybersecurity news,general cybersecurity news,Low
DataVault customer database breach reported,datavault customer database breach reported,High
users discussing database vulnerabilities,users discussing database vulnerabilities,High
cybersecurity forum post about exploits,cybersecurity forum post about exploits,Medium
private database of SecureNet exposed,private database of securenet exposed,High
how to secure personal devices online,how to secure personal devices online,Low
how to secure personal devices online,how to secure personal devices online,Low
discussion about hacking tools,discussion about hacking tools,Medium
ransomware attack planned against GlobalFinance,ransomware attack planned against globalfinance,Medium
selling 3000 bank account passwords,selling  bank account passwords,High
conversation about penetration testing tools,conversation about penetration testing tools,Low
news about new data protection laws,news about new data protection laws,Low
admin credentials leaked from TechNova,admin credentials leaked from technova,High
private database of TechNova exposed,private database of technova exposed,High
how to secure personal devices online,how to secure personal devices online,Low
private database of BankCorp exposed,private database of bankcorp exposed,High
credit card data from TechNova for sale,credit card data from technova for sale,High
ransomware attack planned against SecureNet,ransomware attack planned against securenet,Medium
article about cyber hygiene,article about cyber hygiene,Low
forum debate on encryption weaknesses,forum debate on encryption weaknesses,Low
discussion about online privacy,discussion about online privacy,Low
private database of BankCorp exposed,private database of bankcorp exposed,High
ransomware attack planned against NetSecure,ransomware attack planned against netsecure,Medium
selling 7000 bank account passwords,selling  bank account passwords,High
forum talking about password cracking methods,forum talking about password cracking methods,High
discussion about digital safety,discussion about digital safety,Low
article about cyber hygiene,article about cyber hygiene,Low
DataVault customer database breach reported,datavault customer database breach reported,High
forum talking about password cracking methods,forum talking about password cracking methods,High
how to secure personal devices online,how to secure personal devices online,Low
financial records stolen from SecureNet,financial records stolen from securenet,Low
tips for creating strong passwords,tips for creating strong passwords,High
private database of GlobalFinance exposed,private database of globalfinance exposed,High
article about cyber hygiene,article about cyber hygiene,Low
discussion about digital safety,discussion about digital safety,Low
users discussing database vulnerabilities,users discussing database vulnerabilities,High
users discussing database vulnerabilities,users discussing database vulnerabilities,High
article about cyber hygiene,article about cyber hygiene,Low
dump of 500 emails and passwords available,dump of  emails and passwords available,High
hackers discussing system vulnerabilities,hackers discussing system vulnerabilities,Medium
hacker selling 2000 user passwords,hacker selling  user passwords,High
NetSecure customer database breach reported,netsecure customer database breach reported,High
database dump of TechNova leaked online,database dump of technova leaked online,High
discussion on ransomware techniques,discussion on ransomware techniques,Medium
dump of 3000 emails and passwords available,dump of  emails and passwords available,High
discussion about vulnerability scanning tools,discussion about vulnerability scanning tools,Medium
guide to secure web applications,guide to secure web applications,Low
FinSecure customer database breach reported,finsecure customer database breach reported,High
ransomware attack planned against BankCorp,ransomware attack planned against bankcorp,Medium
article about cyber hygiene,article about cyber hygiene,Low
private database of CyberTrust exposed,private database of cybertrust exposed,High
dump of 2000 emails and passwords available,dump of  emails and passwords available,High
dump of 2000 emails and passwords available,dump of  emails and passwords available,High
hackers discussing system vulnerabilities,hackers discussing system vulnerabilities,Medium
private database of DataVault exposed,private database of datavault exposed,High
FinSecure customer database breach reported,finsecure customer database breach reported,High
discussion about hacking tools,discussion about hacking tools,Medium
financial records stolen from GlobalFinance,financial records stolen from globalfinance,Low
admin credentials leaked from NetSecure,admin credentials leaked from netsecure,High
guide to secure web applications,guide to secure web applications,Low
discussion about online privacy,discussion about online privacy,Low
conversation about penetration testing tools,conversation about penetration testing tools,Low
news about new data protection laws,news about new data protection laws,Low
discussion about network security flaws,discussion about network security flaws,Low
tips for creating strong passwords,tips for creating strong passwords,High
hacker selling 2000 user passwords,hacker selling  user passwords,High
general cybersecurity news,general cybersecurity news,Low
hackers discussing system vulnerabilities,hackers discussing system vulnerabilities,Medium
tips for creating strong passwords,tips for creating strong passwords,High
tips for creating strong passwords,tips for creating strong passwords,High
news about new data protection laws,news about new data protection laws,Low
database dump of CloudAxis leaked online,database dump of cloudaxis leaked online,High
discussion about hacking tools,discussion about hacking tools,Medium
conversation about penetration testing tools,conversation about penetration testing tools,Low
hacker selling 1000 user passwords,hacker selling  user passwords,High
forum debate on encryption weaknesses,forum debate on encryption weaknesses,Low
dump of 3000 emails and passwords available,dump of  emails and passwords available,High
admin credentials leaked from NetSecure,admin credentials leaked from netsecure,High
article about cyber hygiene,article about cyber hygiene,Low
discussion about digital safety,discussion about digital safety,Low
ransomware attack planned against TechNova,ransomware attack planned against technova,Medium
hacker selling 1000 user passwords,hacker selling  user passwords,High
discussion about online privacy,discussion about online privacy,Low
admin credentials leaked from DataVault,admin credentials leaked from datavault,High
general cybersecurity news,general cybersecurity news,Low
forum talking about password cracking methods,forum talking about password cracking methods,High
discussion about hacking tools,discussion about hacking tools,Medium
hacker selling 20000 user passwords,hacker selling  user passwords,High
conversation about penetration testing tools,conversation about penetration testing tools,Low
forum debate on encryption weaknesses,forum debate on encryption weaknesses,Low
cybersecurity awareness article,cybersecurity awareness article,Low
users discussing database vulnerabilities,users discussing database vulnerabilities,High
DataSphere customer database breach reported,datasphere customer database breach reported,High
news about new data protection laws,news about new data protection laws,Low
dump of 500 emails and passwords available,dump of  emails and passwords available,High
private database of DataSphere exposed,private database of datasphere exposed,High
discussion on ransomware techniques,discussion on ransomware techniques,Medium
private database of GlobalFinance exposed,private database of globalfinance exposed,High
discussion about hacking tools,discussion about hacking tools,Medium
users discussing database vulnerabilities,users discussing database vulnerabilities,High
hacker selling 1000 user passwords,hacker selling  user passwords,High
how to secure personal devices online,how to secure personal devices online,Low
ransomware attack planned against TechNova,ransomware attack planned against technova,Medium
financial records stolen from CyberTrust,financial records stolen from cybertrust,Low
tips for creating strong passwords,tips for creating strong passwords,High
admin credentials leaked from FinSecure,admin credentials leaked from finsecure,High
selling 7000 bank account passwords,selling  bank account passwords,High
discussion about online privacy,discussion about online privacy,Low
database dump of SecureNet leaked online,database dump of securenet leaked online,High
admin credentials leaked from FinSecure,admin credentials leaked from finsecure,High
guide to secure web applications,guide to secure web applications,Low
discussion about hacking tools,discussion about hacking tools,Medium
database dump of BankCorp leaked online,database dump of bankcorp leaked online,High
private database of DataSphere exposed,private database of datasphere exposed,High
forum debate on encryption weaknesses,forum debate on encryption weaknesses,Low
guide to secure web applications,guide to secure web applications,Low
dump of 20000 emails and passwords available,dump of  emails and passwords available,High
guide to secure web applications,guide to secure web applications,Low
general cybersecurity news,general cybersecurity news,Low
selling 5000 bank account passwords,selling  bank account passwords,High
discussion about network security flaws,discussion about network security flaws,Low
blog post about protecting accounts,blog post about protecting accounts,Low
tips for creating strong passwords,tips for creating strong passwords,High
dump of 2000 emails and passwords available,dump of  emails and passwords available,High
conversation about penetration testing tools,conversation about penetration testing tools,Low
discussion about digital safety,discussion about digital safety,Low
article about cyber hygiene,article about cyber hygiene,Low
ransomware attack planned against SecureNet,ransomware attack planned against securenet,Medium
discussion on ransomware techniques,discussion on ransomware techniques,Medium
discussion about digital safety,discussion about digital safety,Low
discussion about network security flaws,discussion about network security flaws,Low
guide to secure web applications,guide to secure web applications,Low
selling 20000 bank account passwords,selling  bank account passwords,High
blog post about protecting accounts,blog post about protecting accounts,Low
guide to secure web applications,guide to secure web applications,Low
credit card data from DataVault for sale,credit card data from datavault for sale,High
conversation about penetration testing tools,conversation about penetration testing tools,Low
hacker selling 500 user passwords,hacker selling  user passwords,High
discussion about online privacy,discussion about online privacy,Low
discussion about hacking tools,discussion about hacking tools,Medium
selling 20000 bank account passwords,selling  bank account passwords,High
cybersecurity awareness article,cybersecurity awareness article,Low
selling 5000 bank account passwords,selling  bank account passwords,High
discussion on ransomware techniques,discussion on ransomware techniques,Medium
discussion about vulnerability scanning tools,discussion about vulnerability scanning tools,Medium
users discussing database vulnerabilities,users discussing database vulnerabilities,High
selling 15000 bank account passwords,selling  bank account passwords,High
discussion on ransomware techniques,discussion on ransomware techniques,Medium
hackers discussing system vulnerabilities,hackers discussing system vulnerabilities,Medium
financial records stolen from SecureNet,financial records stolen from securenet,Low
discussion about hacking tools,discussion about hacking tools,Medium
GlobalFinance customer database breach reported,globalfinance customer database breach reported,High
hacker selling 2000 user passwords,hacker selling  user passwords,High
financial records stolen from GlobalFinance,financial records stolen from globalfinance,Low
blog post about protecting accounts,blog post about protecting accounts,Low
ransomware attack planned against SecureNet,ransomware attack planned against securenet,Medium
article about cyber hygiene,article about cyber hygiene,Low
discussion about online privacy,discussion about online privacy,Low
users discussing database vulnerabilities,users discussing database vulnerabilities,High
hackers discussing system vulnerabilities,hackers discussing system vulnerabilities,Medium
ransomware attack planned against DataVault,ransomware attack planned against datavault,Medium
discussion about vulnerability scanning tools,discussion about vulnerability scanning tools,Medium
forum debate on encryption weaknesses,forum debate on encryption weaknesses,Low
blog post about protecting accounts,blog post about protecting accounts,Low
tips for creating strong passwords,tips for creating strong passwords,High
how to secure personal devices online,how to secure personal devices online,Low
admin credentials leaked from TechNova,admin credentials leaked from technova,High
hackers discussing system vulnerabilities,hackers discussing system vulnerabilities,Medium
database dump of GlobalFinance leaked online,database dump of globalfinance leaked online,High
how to secure personal devices online,how to secure personal devices online,Low
forum talking about password cracking methods,forum talking about password cracking methods,High
guide to secure web applications,guide to secure web applications,Low
blog post about protecting accounts,blog post about protecting accounts,Low
private database of DataVault exposed,private database of datavault exposed,High
cybersecurity forum post about exploits,cybersecurity forum post about exploits,Medium
private database of NetSecure exposed,private database of netsecure exposed,High
hacker selling 7000 user passwords,hacker selling  user passwords,High
dump of 1000 emails and passwords available,dump of  emails and passwords available,High
discussion on ransomware techniques,discussion on ransomware techniques,Medium
discussion about hacking tools,discussion about hacking tools,Medium
discussion about vulnerability scanning tools,discussion about vulnerability scanning tools,Medium
hackers discussing system vulnerabilities,hackers discussing system vulnerabilities,Medium
NetSecure customer database breach reported,netsecure customer database breach reported,High
news about new data protection laws,news about new data protection laws,Low
hackers discussing system vulnerabilities,hackers discussing system vulnerabilities,Medium
discussion on ransomware techniques,discussion on ransomware techniques,Medium
discussion on ransomware techniques,discussion on ransomware techniques,Medium
discussion about vulnerability scanning tools,discussion about vulnerability scanning tools,Medium
discussion about hacking tools,discussion about hacking tools,Medium
forum debate on encryption weaknesses,forum debate on encryption weaknesses,Low
conversation about penetration testing tools,conversation about penetration testing tools,Low
DataVault customer database breach reported,datavault customer database breach reported,High
how to secure personal devices online,how to secure personal devices online,Low
blog post about protecting accounts,blog post about protecting accounts,Low
discussion about online privacy,discussion about online privacy,Low
forum debate on encryption weaknesses,forum debate on encryption weaknesses,Low
discussion about hacking tools,discussion about hacking tools,Medium
hackers discussing system vulnerabilities,hackers discussing system vulnerabilities,Medium
blog post about protecting accounts,blog post about protecting accounts,Low
dump of 500 emails and passwords available,dump of  emails and passwords available,High
hackers discussing system vulnerabilities,hackers discussing system vulnerabilities,Medium
cybersecurity awareness article,cybersecurity awareness article,Low
TechNova customer database breach reported,technova customer database breach reported,High
news about new data protection laws,news about new data protection laws,Low
BankCorp customer database breach reported,bankcorp customer database breach reported,High
TechNova customer database breach reported,technova customer database breach reported,High
how to secure personal devices online,how to secure personal devices online,Low
private database of CloudAxis exposed,private database of cloudaxis exposed,High
guide to secure web applications,guide to secure web applications,Low
users discussing database vulnerabilities,users discussing database vulnerabilities,High
discussion about online privacy,discussion about online privacy,Low
discussion about network security flaws,discussion about network security flaws,Low
discussion about online privacy,discussion about online privacy,Low
discussion about hacking tools,discussion about hacking tools,Medium
hacker selling 3000 user passwords,hacker selling  user passwords,High
hacker selling 7000 user passwords,hacker selling  user passwords,High
admin credentials leaked from DataSphere,admin credentials leaked from datasphere,High
conversation about penetration testing tools,conversation about penetration testing tools,Low
credit card data from DataVault for sale,credit card data from datavault for sale,High
how to secure personal devices online,how to secure personal devices online,Low
credit card data from CloudAxis for sale,credit card data from cloudaxis for sale,High
discussion about network security flaws,discussion about network security flaws,Low
admin credentials leaked from CyberTrust,admin credentials leaked from cybertrust,High
dump of 3000 emails and passwords available,dump of  emails and passwords available,High
selling 15000 bank account passwords,selling  bank account passwords,High
financial records stolen from FinSecure,financial records stolen from finsecure,Low
discussion about network security flaws,discussion about network security flaws,Low
ransomware attack planned against FinSecure,ransomware attack planned against finsecure,Medium
admin credentials leaked from TechNova,admin credentials leaked from technova,High
discussion about vulnerability scanning tools,discussion about vulnerability scanning tools,Medium
how to secure personal devices online,how to secure personal devices online,Low
forum debate on encryption weaknesses,forum debate on encryption weaknesses,Low
how to secure personal devices online,how to secure personal devices online,Low
selling 2000 bank account passwords,selling  bank account passwords,High
database dump of NetSecure leaked online,database dump of netsecure leaked online,High
admin credentials leaked from GlobalFinance,admin credentials leaked from globalfinance,High
private database of TechNova exposed,private database of technova exposed,High
general cybersecurity news,general cybersecurity news,Low
discussion on ransomware techniques,discussion on ransomware techniques,Medium
private database of DataVault exposed,private database of datavault exposed,High
conversation about penetration testing tools,conversation about penetration testing tools,Low
discussion about digital safety,discussion about digital safety,Low
guide to secure web applications,guide to secure web applications,Low
how to secure personal devices online,how to secure personal devices online,Low
discussion about hacking tools,discussion about hacking tools,Medium
ransomware attack planned against NetSecure,ransomware attack planned against netsecure,Medium
cybersecurity forum post about exploits,cybersecurity forum post about exploits,Medium
discussion about hacking tools,discussion about hacking tools,Medium
database dump of NetSecure leaked online,database dump of netsecure leaked online,High
database dump of NetSecure leaked online,database dump of netsecure leaked online,High
how to secure personal devices online,how to secure personal devices online,Low
TechNova customer database breach reported,technova customer database breach reported,High
admin credentials leaked from CloudAxis,admin credentials leaked from cloudaxis,High
blog post about protecting accounts,blog post about protecting accounts,Low
hacker selling 5000 user passwords,hacker selling  user passwords,High
financial records stolen from GlobalFinance,financial records stolen from globalfinance,Low
tips for creating strong passwords,tips for creating strong passwords,High
selling 2000 bank account passwords,selling  bank account passwords,High
discussion about hacking tools,discussion about hacking tools,Medium
ransomware attack planned against SecureNet,ransomware attack planned against securenet,Medium
private database of CyberTrust exposed,private database of cybertrust exposed,High
discussion about digital safety,discussion about digital safety,Low
database dump of DataSphere leaked online,database dump of datasphere leaked online,High
tips for creating strong passwords,tips for creating strong passwords,High
admin credentials leaked from FinSecure,admin credentials leaked from finsecure,High
users discussing database vulnerabilities,users discussing database vulnerabilities,High
article about cyber hygiene,article about cyber hygiene,Low
discussion about network security flaws,discussion about network security flaws,Low
blog post about protecting accounts,blog post about protecting accounts,Low
credit card data from DataSphere for sale,credit card data from datasphere for sale,High
financial records stolen from CyberTrust,financial records stolen from cybertrust,Low
credit card data from FinSecure for sale,credit card data from finsecure for sale,High
private database of DataVault exposed,private database of datavault exposed,High
hackers discussing system vulnerabilities,hackers discussing system vulnerabilities,Medium
financial records stolen from CyberTrust,financial records stolen from cybertrust,Low
general cybersecurity news,general cybersecurity news,Low
database dump of DataVault leaked online,database dump of datavault leaked online,High
dump of 2000 emails and passwords available,dump of  emails and passwords available,High
article about cyber hygiene,article about cyber hygiene,Low
conversation about penetration testing tools,conversation about penetration testing tools,Low
private database of BankCorp exposed,private database of bankcorp exposed,High
ransomware attack planned against DataVault,ransomware attack planned against datavault,Medium
how to secure personal devices online,how to secure personal devices online,Low
financial records stolen from DataVault,financial records stolen from datavault,Low
news about new data protection laws,news about new data protection laws,Low
conversation about penetration testing tools,conversation about penetration testing tools,Low
private database of BankCorp exposed,private database of bankcorp exposed,High
SecureNet customer database breach reported,securenet customer database breach reported,High
database dump of SecureNet leaked online,database dump of securenet leaked online,High
selling 2000 bank account passwords,selling  bank account passwords,High
private database of TechNova exposed,private database of technova exposed,High
admin credentials leaked from GlobalFinance,admin credentials leaked from globalfinance,High
DataVault customer database breach reported,datavault customer database breach reported,High
financial records stolen from NetSecure,financial records stolen from netsecure,Low
private database of DataSphere exposed,private database of datasphere exposed,High
dump of 3000 emails and passwords available,dump of  emails and passwords available,High
discussion about digital safety,discussion about digital safety,Low
cybersecurity awareness article,cybersecurity awareness article,Low
discussion about hacking tools,discussion about hacking tools,Medium
discussion about network security flaws,discussion about network security flaws,Low
dump of 3000 emails and passwords available,dump of  emails and passwords available,High
selling 1000 bank account passwords,selling  bank account passwords,High
discussion about online privacy,discussion about online privacy,Low
discussion about vulnerability scanning tools,discussion about vulnerability scanning tools,Medium
financial records stolen from TechNova,financial records stolen from technova,Low
conversation about penetration testing tools,conversation about penetration testing tools,Low
guide to secure web applications,guide to secure web applications,Low
users discussing database vulnerabilities,users discussing database vulnerabilities,High
discussion on ransomware techniques,discussion on ransomware techniques,Medium
selling 1000 bank account passwords,selling  bank account passwords,High
forum debate on encryption weaknesses,forum debate on encryption weaknesses,Low
news about new data protection laws,news about new data protection laws,Low
selling 10000 bank account passwords,selling  bank account passwords,High
financial records stolen from NetSecure,financial records stolen from netsecure,Low
dump of 1000 emails and passwords available,dump of  emails and passwords available,High
discussion about vulnerability scanning tools,discussion about vulnerability scanning tools,Medium
users discussing database vulnerabilities,users discussing database vulnerabilities,High
hacker selling 2000 user passwords,hacker selling  user passwords,High
DataSphere customer database breach reported,datasphere customer database breach reported,High
forum talking about password cracking methods,forum talking about password cracking methods,High
dump of 5000 emails and passwords available,dump of  emails and passwords available,High
discussion about hacking tools,discussion about hacking tools,Medium
cybersecurity awareness article,cybersecurity awareness article,Low
discussion on ransomware techniques,discussion on ransomware techniques,Medium
selling 2000 bank account passwords,selling  bank account passwords,High
financial records stolen from CyberTrust,financial records stolen from cybertrust,Low
discussion about vulnerability scanning tools,discussion about vulnerability scanning tools,Medium
NetSecure customer database breach reported,netsecure customer database breach reported,High
DataVault customer database breach reported,datavault customer database breach reported,High
blog post about protecting accounts,blog post about protecting accounts,Low
credit card data from GlobalFinance for sale,credit card data from globalfinance for sale,High
private database of CyberTrust exposed,private database of cybertrust exposed,High
general cybersecurity news,general cybersecurity news,Low
forum talking about password cracking methods,forum talking about password cracking methods,High
database dump of BankCorp leaked online,database dump of bankcorp leaked online,High
discussion about hacking tools,discussion about hacking tools,Medium
discussion about vulnerability scanning tools,discussion about vulnerability scanning tools,Medium
general cybersecurity news,general cybersecurity news,Low
selling 20000 bank account passwords,selling  bank account passwords,High
cybersecurity awareness article,cybersecurity awareness article,Low
cybersecurity awareness article,cybersecurity awareness article,Low
forum debate on encryption weaknesses,forum debate on encryption weaknesses,Low
hacker selling 3000 user passwords,hacker selling  user passwords,High
cybersecurity forum post about exploits,cybersecurity forum post about exploits,Medium
admin credentials leaked from NetSecure,admin credentials leaked from netsecure,High
general cybersecurity news,general cybersecurity news,Low
discussion about digital safety,discussion about digital safety,Low
FinSecure customer database breach reported,finsecure customer database breach reported,High
tips for creating strong passwords,tips for creating strong passwords,High
ransomware attack planned against FinSecure,ransomware attack planned against finsecure,Medium
selling 2000 bank account passwords,selling  bank account passwords,High
ransomware attack planned against TechNova,ransomware attack planned against technova,Medium
discussion on ransomware techniques,discussion on ransomware techniques,Medium
how to secure personal devices online,how to secure personal devices online,Low
forum debate on encryption weaknesses,forum debate on encryption weaknesses,Low
dump of 3000 emails and passwords available,dump of  emails and passwords available,High
dump of 20000 emails and passwords available,dump of  emails and passwords available,High
discussion about digital safety,discussion about digital safety,Low
admin credentials leaked from DataSphere,admin credentials leaked from datasphere,High
how to secure personal devices online,how to secure personal devices online,Low
dump of 5000 emails and passwords available,dump of  emails and passwords available,High
financial records stolen from CyberTrust,financial records stolen from cybertrust,Low
financial records stolen from SecureNet,financial records stolen from securenet,Low
how to secure personal devices online,how to secure personal devices online,Low
forum debate on encryption weaknesses,forum debate on encryption weaknesses,Low
news about new data protection laws,news about new data protection laws,Low
discussion about vulnerability scanning tools,discussion about vulnerability scanning tools,Medium
database dump of NetSecure leaked online,database dump of netsecure leaked online,High
SecureNet customer database breach reported,securenet customer database breach reported,High
general cybersecurity news,general cybersecurity news,Low
tips for creating strong passwords,tips for creating strong passwords,High
financial records stolen from SecureNet,financial records stolen from securenet,Low
GlobalFinance customer database breach reported,globalfinance customer database breach reported,High
article about cyber hygiene,article about cyber hygiene,Low
admin credentials leaked from SecureNet,admin credentials leaked from securenet,High
forum talking about password cracking methods,forum talking about password cracking methods,High
database dump of CyberTrust leaked online,database dump of cybertrust leaked online,High
financial records stolen from GlobalFinance,financial records stolen from globalfinance,Low
general cybersecurity news,general cybersecurity news,Low
TechNova customer database breach reported,technova customer database breach reported,High
discussion about online privacy,discussion about online privacy,Low
users discussing database vulnerabilities,users discussing database vulnerabilities,High
dump of 7000 emails and passwords available,dump of  emails and passwords available,High
FinSecure customer database breach reported,finsecure customer database breach reported,High
tips for creating strong passwords,tips for creating strong passwords,High
selling 15000 bank account passwords,selling  bank account passwords,High
general cybersecurity news,general cybersecurity news,Low
DataSphere customer database breach reported,datasphere customer database breach reported,High
credit card data from DataVault for sale,credit card data from datavault for sale,High
discussion about network security flaws,discussion about network security flaws,Low
discussion about hacking tools,discussion about hacking tools,Medium
discussion about vulnerability scanning tools,discussion about vulnerability scanning tools,Medium
private database of CloudAxis exposed,private database of cloudaxis exposed,High
SecureNet customer database breach reported,securenet customer database breach reported,High
discussion about online privacy,discussion about online privacy,Low
article about cyber hygiene,article about cyber hygiene,Low
discussion about vulnerability scanning tools,discussion about vulnerability scanning tools,Medium
credit card data from CloudAxis for sale,credit card data from cloudaxis for sale,High
forum talking about password cracking methods,forum talking about password cracking methods,High
BankCorp customer database breach reported,bankcorp customer database breach reported,High
ransomware attack planned against TechNova,ransomware attack planned against technova,Medium
guide to secure web applications,guide to secure web applications,Low
forum talking about password cracking methods,forum talking about password cracking methods,High
how to secure personal devices online,how to secure personal devices online,Low
blog post about protecting accounts,blog post about protecting accounts,Low
hackers discussing system vulnerabilities,hackers discussing system vulnerabilities,Medium
conversation about penetration testing tools,conversation about penetration testing tools,Low
discussion about digital safety,discussion about digital safety,Low
discussion about network security flaws,discussion about network security flaws,Low
credit card data from DataVault for sale,credit card data from datavault for sale,High
discussion about hacking tools,discussion about hacking tools,Medium
news about new data protection laws,news about new data protection laws,Low
discussion about online privacy,discussion about online privacy,Low
users discussing database vulnerabilities,users discussing database vulnerabilities,High
hackers discussing system vulnerabilities,hackers discussing system vulnerabilities,Medium
financial records stolen from NetSecure,financial records stolen from netsecure,Low
conversation about penetration testing tools,conversation about penetration testing tools,Low
discussion about network security flaws,discussion about network security flaws,Low
ransomware attack planned against SecureNet,ransomware attack planned against securenet,Medium
financial records stolen from TechNova,financial records stolen from technova,Low
article about cyber hygiene,article about cyber hygiene,Low
news about new data protection laws,news about new data protection laws,Low
discussion on ransomware techniques,discussion on ransomware techniques,Medium
selling 2000 bank account passwords,selling  bank account passwords,High
financial records stolen from FinSecure,financial records stolen from finsecure,Low
forum debate on encryption weaknesses,forum debate on encryption weaknesses,Low
blog post about protecting accounts,blog post about protecting accounts,Low
dump of 1000 emails and passwords available,dump of  emails and passwords available,High
discussion about digital safety,discussion about digital safety,Low
financial records stolen from SecureNet,financial records stolen from securenet,Low
ransomware attack planned against TechNova,ransomware attack planned against technova,Medium
guide to secure web applications,guide to secure web applications,Low
credit card data from DataSphere for sale,credit card data from datasphere for sale,High
ransomware attack planned against BankCorp,ransomware attack planned against bankcorp,Medium
admin credentials leaked from NetSecure,admin credentials leaked from netsecure,High
general cybersecurity news,general cybersecurity news,Low
hacker selling 3000 user passwords,hacker selling  user passwords,High
users discussing database vulnerabilities,users discussing database vulnerabilities,High
forum talking about password cracking methods,forum talking about password cracking methods,High
credit card data from FinSecure for sale,credit card data from finsecure for sale,High
discussion on ransomware techniques,discussion on ransomware techniques,Medium
article about cyber hygiene,article about cyber hygiene,Low
discussion about digital safety,discussion about digital safety,Low
general cybersecurity news,general cybersecurity news,Low
financial records stolen from DataSphere,financial records stolen from datasphere,Low
CloudAxis customer database breach reported,cloudaxis customer database breach reported,High
discussion on ransomware techniques,discussion on ransomware techniques,Medium
users discussing database vulnerabilities,users discussing database vulnerabilities,High
discussion about online privacy,discussion about online privacy,Low
conversation about penetration testing tools,conversation about penetration testing tools,Low
ransomware attack planned against TechNova,ransomware attack planned against technova,Medium
blog post about protecting accounts,blog post about protecting accounts,Low
financial records stolen from BankCorp,financial records stolen from bankcorp,Low
dump of 5000 emails and passwords available,dump of  emails and passwords available,High
forum debate on encryption weaknesses,forum debate on encryption weaknesses,Low
TechNova customer database breach reported,technova customer database breach reported,High
financial records stolen from NetSecure,financial records stolen from netsecure,Low
hacker selling 3000 user passwords,hacker selling  user passwords,High
forum talking about password cracking methods,forum talking about password cracking methods,High
tips for creating strong passwords,tips for creating strong passwords,High
cybersecurity awareness article,cybersecurity awareness article,Low
DataSphere customer database breach reported,datasphere customer database breach reported,High
admin credentials leaked from CyberTrust,admin credentials leaked from cybertrust,High
conversation about penetration testing tools,conversation about penetration testing tools,Low
hackers discussing system vulnerabilities,hackers discussing system vulnerabilities,Medium
discussion about digital safety,discussion about digital safety,Low
tips for creating strong passwords,tips for creating strong passwords,High
private database of FinSecure exposed,private database of finsecure exposed,High
